subject,n,accuracy,f1_macro
S10,71,0.7323943661971831,0.5734520049765527
S11,70,0.8571428571428571,0.8230676328502415
S13,70,0.8285714285714286,0.812636165577342
S14,70,0.8428571428571429,0.7606040417499446
S15,70,0.7428571428571429,0.5361702127659574
S16,68,0.38235294117647056,0.41258741258741255
S17,72,0.8472222222222222,0.617483660130719
S2,66,0.6212121212121212,0.39946018893387314
S3,67,0.26865671641791045,0.3076923076923077
S4,67,0.835820895522388,0.6235294117647059
S5,69,0.4492753623188406,0.44949703734325475
S6,68,0.8676470588235294,0.7330861909175163
S7,68,0.47058823529411764,0.4931034482758621
S8,68,0.7058823529411765,0.7036979340528912
S9,68,0.6323529411764706,0.5995539006709477
